id;name;key;create_timestamp
1;contextually-based Baden-WÃ¼rttemberg Fresh;Table Mikronesien;2021-10-01T15:40:28
2;Soft functionalities;Account Total;2021-09-30T19:46:27
3;technologies Soft Senior;Assistant Bike;2021-10-01T04:59:49
4;world-class gold;Berkshire Tools portals;2021-10-01T09:07:58
5;Licensed Beauty ROI;Prairie;2021-10-01T14:46:00
6;copying Central payment;Keyboard Optional Sachsen;2021-09-30T20:28:57
7;Direct Radial;magenta;2021-10-01T03:09:30
8;firewall ADP International;Up-sized Jewelery application;2021-10-01T06:12:56
9;Account Concrete program;input;2021-09-30T22:55:13
10;Small;invoice digital parsing;2021-09-30T17:48:08
